GROUP,PACKAGE,CLASS,INSTRUCTION_MISSED,INSTRUCTION_COVERED,BRANCH_MISSED,BRANCH_COVERED,LINE_MISSED,LINE_COVERED,COMPLEXITY_MISSED,COMPLEXITY_COVERED,METHOD_MISSED,METHOD_COVERED
demo,com.example.demo.configuration,UserAuthService,17,3,2,0,4,1,2,1,1,1
demo,com.example.demo.configuration,SecurityConfiguration.new AuthenticationEntryPoint() {...},7,6,0,0,2,1,1,1,1,1
demo,com.example.demo.configuration,AppUser,33,0,0,0,10,0,8,0,8,0
demo,com.example.demo.configuration,SecurityConfiguration,0,58,0,0,0,13,0,4,0,4
demo,com.example.demo,DemoApplication,29,3,0,0,12,1,11,1,11,1
demo,com.example.demo,ExemploVulnerabilidade,10,0,0,0,2,0,2,0,2,0
demo,com.example.demo.user,UserAuthorizationService,37,3,8,0,10,1,5,1,1,1
demo,com.example.demo.user,UserService,33,9,0,0,6,4,2,1,2,1
demo,com.example.demo.user,UserController,11,3,0,0,2,1,2,1,2,1
